,location,iso_code,date,total_vaccinations,daily_vaccinations,total_vaccinations_per_hundred,daily_vaccinations_per_million
0,Argentina,ARG,2020-12-29,700.0,1315.0,0.0,
1,Argentina,ARG,2020-12-30,,16271.0,,346.0
2,Argentina,ARG,2020-12-31,32013.0,16271.0,0.07,346.0
3,Argentina,ARG,2021-01-01,,11685.0,,245.0
4,Argentina,ARG,2021-01-02,,9391.0,,194.0
5,Argentina,ARG,2021-01-03,,8015.0,,164.0
6,Argentina,ARG,2021-01-04,39599.0,7098.0,0.09,143.0
7,Argentina,ARG,2021-01-05,,8599.0,,177.0
8,Argentina,ARG,2021-01-06,,8788.0,,181.0
9,Argentina,ARG,2021-01-07,,8978.0,,185.0
10,Argentina,ARG,2021-01-08,107542.0,11134.0,0.24,233.0
11,Austria,AUT,2020-12-30,6000.0,6000.0,0.07,
12,Austria,AUT,2020-12-31,,2683.0,,298.0
13,Austria,AUT,2021-01-01,,2683.0,,298.0
14,Austria,AUT,2021-01-02,,2683.0,,298.0
15,Austria,AUT,2021-01-03,,2683.0,,298.0
16,Austria,AUT,2021-01-04,,2683.0,,298.0
17,Austria,AUT,2021-01-05,,2683.0,,298.0
18,Austria,AUT,2021-01-06,,2683.0,,298.0
19,Austria,AUT,2021-01-07,,2683.0,,298.0
20,Austria,AUT,2021-01-08,30150.0,2683.0,0.33,298.0
21,Bahrain,BHR,2020-12-23,38965.0,38771.0,2.29,
22,Bahrain,BHR,2020-12-24,50071.0,10912.0,2.94,6527.0
23,Bahrain,BHR,2020-12-25,50543.0,5595.0,2.97,3402.0
24,Bahrain,BHR,2020-12-26,51556.0,4003.0,3.03,2467.0
25,Bahrain,BHR,2020-12-27,53614.0,3468.0,3.15,2152.0
26,Bahrain,BHR,2020-12-28,55014.0,3016.0,3.23,1886.0
27,Bahrain,BHR,2020-12-29,56041.0,2652.0,3.29,1673.0
28,Bahrain,BHR,2020-12-30,57317.0,2428.0,3.37,1541.0
29,Bahrain,BHR,2020-12-31,58643.0,1031.0,3.45,720.0
30,Bahrain,BHR,2021-01-01,59351.0,1064.0,3.49,739.0
31,Bahrain,BHR,2021-01-02,60097.0,1026.0,3.53,717.0
32,Bahrain,BHR,2021-01-03,60689.0,817.0,3.57,594.0
33,Bahrain,BHR,2021-01-04,61612.0,749.0,3.62,554.0
34,Bahrain,BHR,2021-01-05,63893.0,928.0,3.75,659.0
35,Bahrain,BHR,2021-01-06,68472.0,1400.0,4.02,937.0
36,Bahrain,BHR,2021-01-07,72239.0,1748.0,4.25,1141.0
37,Bahrain,BHR,2021-01-08,78291.0,2512.0,4.6,1590.0
38,Bahrain,BHR,2021-01-09,84157.0,3243.0,4.95,2020.0
39,Bahrain,BHR,2021-01-10,89250.0,3886.0,5.25,2398.0
40,Belgium,BEL,2021-01-02,700.0,700.0,0.01,
41,Belgium,BEL,2021-01-03,,1460.0,,126.0
42,Belgium,BEL,2021-01-04,,1460.0,,126.0
43,Belgium,BEL,2021-01-05,,1460.0,,126.0
44,Belgium,BEL,2021-01-06,,1460.0,,126.0
45,Belgium,BEL,2021-01-07,8000.0,1460.0,0.07,126.0
46,Bulgaria,BGR,2020-12-29,1719.0,1714.0,0.02,
47,Bulgaria,BGR,2020-12-30,4608.0,2884.0,0.07,416.0
48,Bulgaria,BGR,2020-12-31,,1472.0,,213.0
49,Bulgaria,BGR,2021-01-01,4739.0,1002.0,0.07,145.0
50,Bulgaria,BGR,2021-01-02,,785.0,,114.0
51,Bulgaria,BGR,2021-01-03,,656.0,,95.0
52,Bulgaria,BGR,2021-01-04,,569.0,,83.0
53,Bulgaria,BGR,2021-01-05,,507.0,,74.0
54,Bulgaria,BGR,2021-01-06,5448.0,115.0,0.08,17.0
55,Bulgaria,BGR,2021-01-07,7913.0,458.0,0.11,67.0
56,Bulgaria,BGR,2021-01-08,11117.0,906.0,0.16,131.0
57,Bulgaria,BGR,2021-01-09,13355.0,1206.0,0.19,174.0
58,Bulgaria,BGR,2021-01-10,13473.0,1202.0,0.19,174.0
59,Canada,CAN,2020-12-14,297.0,3507.0,0.0,
60,Canada,CAN,2020-12-15,1163.0,4076.0,0.0,23.0
61,Canada,CAN,2020-12-16,3683.0,4903.0,0.01,45.0
62,Canada,CAN,2020-12-17,7201.0,5511.0,0.02,61.0
63,Canada,CAN,2020-12-18,10615.0,5790.0,0.03,68.0
64,Canada,CAN,2020-12-19,11894.0,5529.0,0.03,61.0
65,Canada,CAN,2020-12-20,14492.0,5576.0,0.04,63.0
66,Canada,CAN,2020-12-21,20866.0,6148.0,0.06,78.0
67,Canada,CAN,2020-12-22,26287.0,6799.0,0.07,95.0
68,Canada,CAN,2020-12-23,35089.0,7697.0,0.09,119.0
69,Canada,CAN,2020-12-24,45398.0,8667.0,0.12,145.0
70,Canada,CAN,2020-12-25,45700.0,8222.0,0.12,133.0
71,Canada,CAN,2020-12-26,48719.0,8471.0,0.13,139.0
72,Canada,CAN,2020-12-27,52280.0,8608.0,0.14,143.0
73,Canada,CAN,2020-12-28,59449.0,8722.0,0.16,146.0
74,Canada,CAN,2020-12-29,70749.0,9562.0,0.19,168.0
75,Canada,CAN,2020-12-30,79482.0,9552.0,0.21,168.0
76,Canada,CAN,2020-12-31,95832.0,10415.0,0.25,191.0
77,Canada,CAN,2021-01-01,104347.0,11588.0,0.28,222.0
78,Canada,CAN,2021-01-02,112425.0,12311.0,0.3,241.0
79,Canada,CAN,2021-01-03,117727.0,12560.0,0.31,248.0
80,Canada,CAN,2021-01-04,136759.0,14254.0,0.36,293.0
81,Canada,CAN,2021-01-05,155527.0,15321.0,0.41,321.0
82,Canada,CAN,2021-01-06,183690.0,18097.0,0.49,394.0
83,Canada,CAN,2021-01-07,219464.0,20872.0,0.58,468.0
84,Canada,CAN,2021-01-08,261234.0,25622.0,0.69,594.0
85,Canada,CAN,2021-01-09,296241.0,29469.0,0.78,696.0
86,Canada,CAN,2021-01-10,319938.0,32097.0,0.85,765.0
87,Chile,CHL,2020-12-24,420.0,-206.0,0.0,
88,Chile,CHL,2020-12-25,5191.0,4145.0,0.03,250.0
89,Chile,CHL,2020-12-26,8335.0,3332.0,0.04,207.0
90,Chile,CHL,2020-12-27,8646.0,2116.0,0.05,143.0
91,Chile,CHL,2020-12-28,,1443.0,,108.0
92,Chile,CHL,2020-12-29,,1039.0,,87.0
93,Chile,CHL,2020-12-30,,770.0,,73.0
94,Chile,CHL,2020-12-31,,578.0,,63.0
95,Chile,CHL,2021-01-01,,-96.0,,28.0
96,Chile,CHL,2021-01-02,,-538.0,,5.0
97,Chile,CHL,2021-01-03,,-575.0,,3.0
98,Chile,CHL,2021-01-04,9051.0,-575.0,0.05,3.0
99,Chile,CHL,2021-01-05,10494.0,-376.0,0.05,13.0
100,Chile,CHL,2021-01-06,10699.0,-354.0,0.06,14.0
101,China,CHN,2020-12-15,1500000.0,1536058.0,0.1,
102,China,CHN,2020-12-16,,223558.0,,130.0
103,China,CHN,2020-12-17,,223558.0,,130.0
104,China,CHN,2020-12-18,,223558.0,,130.0
105,China,CHN,2020-12-19,,223558.0,,130.0
106,China,CHN,2020-12-20,,223558.0,,130.0
107,China,CHN,2020-12-21,,223558.0,,130.0
108,China,CHN,2020-12-22,,223558.0,,130.0
109,China,CHN,2020-12-23,,223558.0,,130.0
110,China,CHN,2020-12-24,,223558.0,,130.0
111,China,CHN,2020-12-25,,223558.0,,130.0
112,China,CHN,2020-12-26,,223558.0,,130.0
113,China,CHN,2020-12-27,,223558.0,,130.0
114,China,CHN,2020-12-28,,223558.0,,130.0
115,China,CHN,2020-12-29,,223558.0,,130.0
116,China,CHN,2020-12-30,,223558.0,,130.0
117,China,CHN,2020-12-31,4500000.0,223558.0,0.31,130.0
118,China,CHN,2021-01-01,,268201.0,,161.0
119,China,CHN,2021-01-02,,312844.0,,192.0
120,China,CHN,2021-01-03,,357487.0,,223.0
121,China,CHN,2021-01-04,,402129.0,,254.0
122,China,CHN,2021-01-05,,446772.0,,285.0
123,China,CHN,2021-01-06,,491415.0,,316.0
124,China,CHN,2021-01-07,,536058.0,,347.0
125,China,CHN,2021-01-08,,536058.0,,347.0
126,China,CHN,2021-01-09,9000000.0,536058.0,0.63,347.0
127,Costa Rica,CRI,2020-12-24,55.0,273.0,0.0,
128,Costa Rica,CRI,2020-12-25,,458.0,,47.0
129,Costa Rica,CRI,2020-12-26,,458.0,,47.0
130,Costa Rica,CRI,2020-12-27,,458.0,,47.0
131,Costa Rica,CRI,2020-12-28,,458.0,,47.0
132,Costa Rica,CRI,2020-12-29,,458.0,,47.0
133,Costa Rica,CRI,2020-12-30,,458.0,,47.0
134,Costa Rica,CRI,2020-12-31,,458.0,,47.0
135,Costa Rica,CRI,2021-01-01,,458.0,,47.0
136,Costa Rica,CRI,2021-01-02,,458.0,,47.0
137,Costa Rica,CRI,2021-01-03,2455.0,458.0,0.05,47.0
138,Costa Rica,CRI,2021-01-04,,632.0,,81.0
139,Costa Rica,CRI,2021-01-05,,806.0,,115.0
140,Costa Rica,CRI,2021-01-06,,981.0,,150.0
141,Costa Rica,CRI,2021-01-07,,1155.0,,184.0
142,Costa Rica,CRI,2021-01-08,9751.0,1329.0,0.19,218.0
143,Croatia,HRV,2020-12-30,7864.0,8580.0,0.19,
144,Croatia,HRV,2020-12-31,,1821.0,,269.0
145,Croatia,HRV,2021-01-01,,1821.0,,269.0
146,Croatia,HRV,2021-01-02,,1821.0,,269.0
147,Croatia,HRV,2021-01-03,12285.0,1821.0,0.3,269.0
148,Croatia,HRV,2021-01-04,,1752.0,,252.0
149,Croatia,HRV,2021-01-05,13798.0,1705.0,0.34,241.0
150,Croatia,HRV,2021-01-06,,2050.0,,325.0
151,Croatia,HRV,2021-01-07,20603.0,2378.0,0.5,405.0
152,Croatia,HRV,2021-01-08,24985.0,2846.0,0.61,519.0
153,Croatia,HRV,2021-01-09,30000.0,3405.0,0.73,655.0
154,Cyprus,CYP,2021-01-06,3901.0,3901.0,0.45,
155,Cyprus,CYP,2021-01-07,,534.0,,610.0
156,Cyprus,CYP,2021-01-08,,534.0,,610.0
157,Cyprus,CYP,2021-01-09,,534.0,,610.0
158,Cyprus,CYP,2021-01-10,6035.0,534.0,0.69,610.0
159,Czechia,CZE,2021-01-04,13000.0,13000.0,0.12,
160,Czechia,CZE,2021-01-05,,3459.0,,323.0
161,Czechia,CZE,2021-01-06,19918.0,3459.0,0.19,323.0
162,Denmark,DNK,2020-12-27,6514.0,6919.0,0.11,
163,Denmark,DNK,2020-12-28,8497.0,2388.0,0.15,342.0
164,Denmark,DNK,2020-12-29,17412.0,5854.0,0.3,941.0
165,Denmark,DNK,2020-12-30,28827.0,7843.0,0.5,1284.0
166,Denmark,DNK,2020-12-31,35125.0,7558.0,0.61,1235.0
167,Denmark,DNK,2021-01-01,37495.0,6601.0,0.65,1070.0
168,Denmark,DNK,2021-01-02,46432.0,7058.0,0.8,1149.0
169,Denmark,DNK,2021-01-03,52422.0,6963.0,0.91,1132.0
170,Denmark,DNK,2021-01-04,54839.0,7025.0,0.95,1143.0
171,Denmark,DNK,2021-01-05,67994.0,7631.0,1.17,1248.0
172,Denmark,DNK,2021-01-06,87622.0,8804.0,1.51,1450.0
173,Denmark,DNK,2021-01-07,104876.0,10369.0,1.81,1720.0
174,Denmark,DNK,2021-01-08,113222.0,11223.0,1.95,1868.0
175,Denmark,DNK,2021-01-09,115117.0,10217.0,1.99,1694.0
176,Denmark,DNK,2021-01-10,115932.0,9478.0,2.0,1566.0
177,England,,2020-12-20,552385.0,,0.98,
178,England,,2020-12-21,,,,639.0
179,England,,2020-12-22,,,,639.0
180,England,,2020-12-23,,,,639.0
181,England,,2020-12-24,,,,639.0
182,England,,2020-12-25,,,,639.0
183,England,,2020-12-26,,,,639.0
184,England,,2020-12-27,804325.0,,1.43,639.0
185,England,,2020-12-28,,,,660.0
186,England,,2020-12-29,,,,680.0
187,England,,2020-12-30,,,,701.0
188,England,,2020-12-31,,,,722.0
189,England,,2021-01-01,,,,742.0
190,England,,2021-01-02,,,,763.0
191,England,,2021-01-03,1112866.0,,1.98,783.0
192,England,,2021-01-04,,,,1059.0
193,England,,2021-01-05,,,,1334.0
194,England,,2021-01-06,,,,1609.0
195,England,,2021-01-07,,,,1885.0
196,England,,2021-01-08,,,,2160.0
197,England,,2021-01-09,,,,2436.0
198,England,,2021-01-10,,,,2711.0
199,England,,2021-01-11,2333764.0,,4.15,2711.0
200,Estonia,EST,2020-12-28,207.0,333.0,0.02,
201,Estonia,EST,2020-12-29,516.0,435.0,0.04,233.0
202,Estonia,EST,2020-12-30,884.0,464.0,0.07,255.0
203,Estonia,EST,2020-12-31,1907.0,693.0,0.14,427.0
204,Estonia,EST,2021-01-01,2487.0,696.0,0.19,430.0
205,Estonia,EST,2021-01-02,,585.0,,346.0
206,Estonia,EST,2021-01-03,2517.0,511.0,0.19,290.0
207,Estonia,EST,2021-01-04,2535.0,459.0,0.19,251.0
208,Estonia,EST,2021-01-05,3188.0,508.0,0.24,288.0
209,Estonia,EST,2021-01-06,5009.0,715.0,0.38,444.0
210,Estonia,EST,2021-01-07,6632.0,801.0,0.5,509.0
211,Estonia,EST,2021-01-08,7973.0,910.0,0.6,591.0
212,Estonia,EST,2021-01-09,10197.0,1225.0,0.77,828.0
213,Estonia,EST,2021-01-10,10749.0,1302.0,0.81,887.0
214,Estonia,EST,2021-01-11,10972.0,1331.0,0.83,908.0
215,Finland,FIN,2020-12-31,1767.0,1978.0,0.03,
216,Finland,FIN,2021-01-01,,670.0,,83.0
217,Finland,FIN,2021-01-02,,670.0,,83.0
218,Finland,FIN,2021-01-03,,670.0,,83.0
219,Finland,FIN,2021-01-04,3604.0,670.0,0.07,83.0
220,Finland,FIN,2021-01-05,5445.0,947.0,0.1,133.0
221,Finland,FIN,2021-01-06,,1050.0,,151.0
222,Finland,FIN,2021-01-07,8155.0,1124.0,0.15,165.0
223,Finland,FIN,2021-01-08,11135.0,1484.0,0.2,230.0
224,Finland,FIN,2021-01-09,,1564.0,,244.0
225,Finland,FIN,2021-01-10,,1644.0,,259.0
226,Finland,FIN,2021-01-11,14196.0,1724.0,0.26,273.0
227,France,FRA,2021-01-05,5000.0,6049.0,0.01,
228,France,FRA,2021-01-06,17500.0,13549.0,0.03,192.0
229,France,FRA,2021-01-07,45000.0,21049.0,0.07,306.0
230,France,FRA,2021-01-08,80000.0,26049.0,0.12,383.0
231,France,FRA,2021-01-09,,24677.0,,362.0
232,France,FRA,2021-01-10,,23853.0,,349.0
233,France,FRA,2021-01-11,138531.0,23304.0,0.21,341.0
234,Germany,DEU,2020-12-27,23621.0,26399.0,0.03,
235,Germany,DEU,2020-12-28,42681.0,21838.0,0.05,227.0
236,Germany,DEU,2020-12-29,84935.0,33435.0,0.1,366.0
237,Germany,DEU,2020-12-30,141498.0,42070.0,0.17,469.0
238,Germany,DEU,2020-12-31,179031.0,41630.0,0.21,464.0
239,Germany,DEU,2021-01-01,209331.0,39920.0,0.25,443.0
240,Germany,DEU,2021-01-02,253789.0,41139.0,0.3,458.0
241,Germany,DEU,2021-01-03,278025.0,39121.0,0.33,434.0
242,Germany,DEU,2021-01-04,325524.0,43184.0,0.39,482.0
243,Germany,DEU,2021-01-05,374717.0,44175.0,0.45,494.0
244,Germany,DEU,2021-01-06,428832.0,43826.0,0.51,490.0
245,Germany,DEU,2021-01-07,483768.0,46312.0,0.58,520.0
246,Germany,DEU,2021-01-08,536466.0,49512.0,0.64,558.0
247,Germany,DEU,2021-01-09,585126.0,50112.0,0.7,565.0
248,Germany,DEU,2021-01-10,613347.0,50681.0,0.73,572.0
249,Greece,GRC,2020-12-28,386.0,1366.0,0.0,
250,Greece,GRC,2020-12-29,1056.0,1650.0,0.01,64.0
251,Greece,GRC,2020-12-30,1709.0,1642.0,0.02,64.0
252,Greece,GRC,2020-12-31,2313.0,1622.0,0.02,62.0
253,Greece,GRC,2021-01-01,2591.0,1531.0,0.02,53.0
254,Greece,GRC,2021-01-02,3132.0,1529.0,0.03,53.0
255,Greece,GRC,2021-01-03,3843.0,1556.0,0.04,55.0
256,Greece,GRC,2021-01-04,9975.0,2350.0,0.1,131.0
257,Greece,GRC,2021-01-05,16233.0,3148.0,0.16,208.0
258,Greece,GRC,2021-01-06,20466.0,3660.0,0.2,257.0
259,Greece,GRC,2021-01-07,26006.0,4365.0,0.25,325.0
260,Greece,GRC,2021-01-08,34787.0,5579.0,0.33,441.0
261,Greece,GRC,2021-01-09,40163.0,6270.0,0.39,508.0
262,Greece,GRC,2021-01-10,44080.0,6728.0,0.42,551.0
263,Greece,GRC,2021-01-11,49645.0,6647.0,0.48,544.0
264,Guinea,GIN,2020-12-30,25.0,25.0,0.0,
265,Hungary,HUN,2020-12-28,1094.0,2744.0,0.01,
266,Hungary,HUN,2020-12-29,2461.0,3017.0,0.03,142.0
267,Hungary,HUN,2020-12-30,3789.0,2998.0,0.04,140.0
268,Hungary,HUN,2020-12-31,5110.0,2989.0,0.05,139.0
269,Hungary,HUN,2021-01-01,,3085.0,,149.0
270,Hungary,HUN,2021-01-02,,3142.0,,154.0
271,Hungary,HUN,2021-01-03,,3181.0,,158.0
272,Hungary,HUN,2021-01-04,12000.0,3208.0,0.12,161.0
273,Hungary,HUN,2021-01-05,15000.0,3441.0,0.16,185.0
274,Hungary,HUN,2021-01-06,21000.0,4109.0,0.22,255.0
275,Hungary,HUN,2021-01-07,31500.0,5420.0,0.33,390.0
276,Hungary,HUN,2021-01-08,42549.0,6752.0,0.44,528.0
277,Hungary,HUN,2021-01-09,,7861.0,,643.0
278,Hungary,HUN,2021-01-10,,8970.0,,758.0
279,Hungary,HUN,2021-01-11,71000.0,10079.0,0.73,873.0
280,Iceland,ISL,2020-12-30,4875.0,4875.0,1.43,
281,Ireland,IRL,2020-12-31,1800.0,2824.0,0.04,
282,Ireland,IRL,2021-01-01,,1574.0,,111.0
283,Ireland,IRL,2021-01-02,,1574.0,,111.0
284,Ireland,IRL,2021-01-03,,1574.0,,111.0
285,Ireland,IRL,2021-01-04,4000.0,1574.0,0.08,111.0
286,Ireland,IRL,2021-01-05,,2218.0,,242.0
287,Ireland,IRL,2021-01-06,,2648.0,,329.0
288,Ireland,IRL,2021-01-07,15314.0,2955.0,0.31,391.0
289,Ireland,IRL,2021-01-08,,3579.0,,517.0
290,Ireland,IRL,2021-01-09,,4204.0,,644.0
291,Ireland,IRL,2021-01-10,,4828.0,,770.0
292,Ireland,IRL,2021-01-11,35000.0,5453.0,0.71,897.0
293,Israel,ISR,2020-12-19,58.0,3101.0,0.0,
294,Israel,ISR,2020-12-20,5672.0,8657.0,0.07,649.0
295,Israel,ISR,2020-12-21,28976.0,17502.0,0.33,1670.0
296,Israel,ISR,2020-12-22,72157.0,27076.0,0.83,2777.0
297,Israel,ISR,2020-12-23,132954.0,36267.0,1.54,3838.0
298,Israel,ISR,2020-12-24,203830.0,43797.0,2.35,4708.0
299,Israel,ISR,2020-12-25,240887.0,43181.0,2.78,4637.0
300,Israel,ISR,2020-12-26,272173.0,41917.0,3.14,4491.0
301,Israel,ISR,2020-12-27,372456.0,55441.0,4.3,6054.0
302,Israel,ISR,2020-12-28,497514.0,69977.0,5.75,7733.0
303,Israel,ISR,2020-12-29,644648.0,84827.0,7.45,9449.0
304,Israel,ISR,2020-12-30,789817.0,96881.0,9.12,10841.0
305,Israel,ISR,2020-12-31,940083.0,108222.0,10.86,12152.0
306,Israel,ISR,2021-01-01,1008636.0,112721.0,11.65,12671.0
307,Israel,ISR,2021-01-02,1078436.0,118223.0,12.46,13307.0
308,Israel,ISR,2021-01-03,1218615.0,123923.0,14.08,13966.0
309,Israel,ISR,2021-01-04,1350623.0,124916.0,15.6,14080.0
310,Israel,ISR,2021-01-05,1467453.0,120587.0,16.95,13580.0
311,Israel,ISR,2021-01-06,1562114.0,113371.0,18.05,12747.0
312,Israel,ISR,2021-01-07,1669280.0,107214.0,19.29,12035.0
313,Israel,ISR,2021-01-08,1729589.0,106036.0,19.98,11899.0
314,Israel,ISR,2021-01-09,1769046.0,101702.0,20.44,11398.0
315,Israel,ISR,2021-01-10,1783904.0,83799.0,20.61,9330.0
316,Israel,ISR,2021-01-11,1819328.0,70001.0,21.02,7736.0
317,Italy,ITA,2020-12-27,7463.0,19589.0,0.01,
318,Italy,ITA,2020-12-28,8785.0,13448.0,0.01,22.0
319,Italy,ITA,2020-12-29,9962.0,13376.0,0.02,21.0
320,Italy,ITA,2020-12-30,14698.0,14538.0,0.02,40.0
321,Italy,ITA,2020-12-31,38289.0,19832.0,0.06,127.0
322,Italy,ITA,2021-01-01,49317.0,20497.0,0.08,138.0
323,Italy,ITA,2021-01-02,87611.0,25484.0,0.14,221.0
324,Italy,ITA,2021-01-03,122485.0,28558.0,0.2,272.0
325,Italy,ITA,2021-01-04,189890.0,37998.0,0.31,428.0
326,Italy,ITA,2021-01-05,267772.0,48956.0,0.44,609.0
327,Italy,ITA,2021-01-06,331448.0,57376.0,0.55,748.0
328,Italy,ITA,2021-01-07,421043.0,66805.0,0.7,904.0
329,Italy,ITA,2021-01-08,510753.0,78045.0,0.84,1090.0
330,Italy,ITA,2021-01-09,592979.0,84321.0,0.98,1194.0
331,Italy,ITA,2021-01-10,650575.0,87567.0,1.08,1248.0
332,Italy,ITA,2021-01-11,701623.0,85231.0,1.16,1209.0
333,Kuwait,KWT,2020-12-28,2500.0,2500.0,0.06,
334,Latvia,LVA,2020-12-28,594.0,567.0,0.03,
335,Latvia,LVA,2020-12-29,1472.0,851.0,0.08,465.0
336,Latvia,LVA,2020-12-30,2260.0,806.0,0.12,442.0
337,Latvia,LVA,2020-12-31,,575.0,,319.0
338,Latvia,LVA,2021-01-01,,459.0,,258.0
339,Latvia,LVA,2021-01-02,,390.0,,221.0
340,Latvia,LVA,2021-01-03,,344.0,,197.0
341,Latvia,LVA,2021-01-04,2958.0,311.0,0.16,179.0
342,Latvia,LVA,2021-01-05,3846.0,312.0,0.2,180.0
343,Latvia,LVA,2021-01-06,4620.0,310.0,0.24,179.0
344,Latvia,LVA,2021-01-07,5419.0,404.0,0.29,229.0
345,Latvia,LVA,2021-01-08,6294.0,509.0,0.33,284.0
346,Latvia,LVA,2021-01-09,6603.0,534.0,0.35,297.0
347,Latvia,LVA,2021-01-10,6933.0,561.0,0.37,312.0
348,Lithuania,LTU,2020-12-23,1.0,253.0,0.0,
349,Lithuania,LTU,2020-12-24,,252.0,,0.0
350,Lithuania,LTU,2020-12-25,,252.0,,0.0
351,Lithuania,LTU,2020-12-26,2.0,252.0,0.0,0.0
352,Lithuania,LTU,2020-12-27,2416.0,856.0,0.09,222.0
353,Lithuania,LTU,2020-12-28,5199.0,1292.0,0.19,382.0
354,Lithuania,LTU,2020-12-29,8184.0,1616.0,0.3,501.0
355,Lithuania,LTU,2020-12-30,9716.0,1640.0,0.36,510.0
356,Lithuania,LTU,2020-12-31,9742.0,1644.0,0.36,511.0
357,Lithuania,LTU,2021-01-01,,1658.0,,516.0
358,Lithuania,LTU,2021-01-02,,1672.0,,522.0
359,Lithuania,LTU,2021-01-03,,1341.0,,400.0
360,Lithuania,LTU,2021-01-04,,957.0,,259.0
361,Lithuania,LTU,2021-01-05,10235.0,545.0,0.38,108.0
362,Lithuania,LTU,2021-01-06,13700.0,821.0,0.5,209.0
363,Lithuania,LTU,2021-01-07,17628.0,1379.0,0.65,414.0
364,Lithuania,LTU,2021-01-08,22246.0,2024.0,0.82,651.0
365,Lithuania,LTU,2021-01-09,22546.0,2053.0,0.83,662.0
366,Lithuania,LTU,2021-01-10,22549.0,2039.0,0.83,656.0
367,Luxembourg,LUX,2020-12-30,1200.0,1200.0,0.19,
368,Malta,MLT,2021-01-03,1400.0,1400.0,0.32,
369,Mexico,MEX,2020-12-24,2924.0,3776.0,0.0,
370,Mexico,MEX,2020-12-25,,2152.0,,10.0
371,Mexico,MEX,2020-12-26,,2152.0,,10.0
372,Mexico,MEX,2020-12-27,6824.0,2152.0,0.01,10.0
373,Mexico,MEX,2020-12-28,9579.0,2516.0,0.01,13.0
374,Mexico,MEX,2020-12-29,18529.0,3973.0,0.01,24.0
375,Mexico,MEX,2020-12-30,24998.0,4531.0,0.02,29.0
376,Mexico,MEX,2020-12-31,,4547.0,,29.0
377,Mexico,MEX,2021-01-01,,4903.0,,31.0
378,Mexico,MEX,2021-01-02,,5259.0,,34.0
379,Mexico,MEX,2021-01-03,,5615.0,,37.0
380,Mexico,MEX,2021-01-04,43960.0,5764.0,0.03,38.0
381,Mexico,MEX,2021-01-05,48236.0,5096.0,0.04,33.0
382,Mexico,MEX,2021-01-06,53185.0,4879.0,0.04,31.0
383,Mexico,MEX,2021-01-07,58402.0,5082.0,0.05,33.0
384,Mexico,MEX,2021-01-08,67468.0,5836.0,0.05,39.0
385,Mexico,MEX,2021-01-09,74794.0,6340.0,0.06,43.0
386,Mexico,MEX,2021-01-10,81300.0,6728.0,0.06,46.0
387,Netherlands,NLD,2021-01-06,6000.0,4308.0,0.04,
388,Netherlands,NLD,2021-01-07,15000.0,7308.0,0.09,525.0
389,Netherlands,NLD,2021-01-08,27000.0,8808.0,0.16,613.0
390,Netherlands,NLD,2021-01-09,30000.0,6308.0,0.18,467.0
391,Netherlands,NLD,2021-01-10,31000.0,4558.0,0.18,365.0
392,Netherlands,NLD,2021-01-11,35500.0,4208.0,0.21,344.0
393,Northern Ireland,,2020-12-13,3623.0,,0.19,
394,Northern Ireland,,2020-12-14,,,,939.0
395,Northern Ireland,,2020-12-15,,,,939.0
396,Northern Ireland,,2020-12-16,,,,939.0
397,Northern Ireland,,2020-12-17,,,,939.0
398,Northern Ireland,,2020-12-18,,,,939.0
399,Northern Ireland,,2020-12-19,,,,939.0
400,Northern Ireland,,2020-12-20,16068.0,,0.85,939.0
401,Northern Ireland,,2020-12-21,,,,966.0
402,Northern Ireland,,2020-12-22,,,,993.0
403,Northern Ireland,,2020-12-23,,,,1020.0
404,Northern Ireland,,2020-12-24,,,,1047.0
405,Northern Ireland,,2020-12-25,,,,1074.0
406,Northern Ireland,,2020-12-26,,,,1101.0
407,Northern Ireland,,2020-12-27,31016.0,,1.64,1127.0
408,Northern Ireland,,2020-12-28,,,,1085.0
409,Northern Ireland,,2020-12-29,,,,1041.0
410,Northern Ireland,,2020-12-30,,,,998.0
411,Northern Ireland,,2020-12-31,,,,955.0
412,Northern Ireland,,2021-01-01,,,,911.0
413,Northern Ireland,,2021-01-02,,,,869.0
414,Northern Ireland,,2021-01-03,41956.0,,2.22,825.0
415,Northern Ireland,,2021-01-04,,,,1179.0
416,Northern Ireland,,2021-01-05,,,,1532.0
417,Northern Ireland,,2021-01-06,,,,1886.0
418,Northern Ireland,,2021-01-07,,,,2240.0
419,Northern Ireland,,2021-01-08,,,,2593.0
420,Northern Ireland,,2021-01-09,,,,2947.0
421,Northern Ireland,,2021-01-10,,,,3300.0
422,Northern Ireland,,2021-01-11,91954.0,,4.86,3300.0
423,Norway,NOR,2020-12-27,5.0,266.0,0.0,
424,Norway,NOR,2020-12-28,596.0,852.0,0.01,109.0
425,Norway,NOR,2020-12-29,1662.0,1089.0,0.03,153.0
426,Norway,NOR,2020-12-30,2082.0,953.0,0.04,128.0
427,Norway,NOR,2020-12-31,2154.0,798.0,0.04,99.0
428,Norway,NOR,2021-01-01,2159.0,692.0,0.04,80.0
429,Norway,NOR,2021-01-02,,753.0,,91.0
430,Norway,NOR,2021-01-03,,797.0,,99.0
431,Norway,NOR,2021-01-04,,827.0,,104.0
432,Norway,NOR,2021-01-05,5359.0,789.0,0.1,97.0
433,Norway,NOR,2021-01-06,13455.0,1886.0,0.25,300.0
434,Norway,NOR,2021-01-07,19373.0,2721.0,0.36,454.0
435,Norway,NOR,2021-01-08,20675.0,2906.0,0.38,488.0
436,Norway,NOR,2021-01-09,20802.0,2810.0,0.38,470.0
437,Norway,NOR,2021-01-10,20833.0,2700.0,0.38,450.0
438,Oman,OMN,2020-12-29,1717.0,1525.0,0.03,
439,Oman,OMN,2020-12-30,3363.0,1454.0,0.07,322.0
440,Oman,OMN,2020-12-31,5043.0,1471.0,0.1,326.0
441,Oman,OMN,2021-01-01,6516.0,1408.0,0.13,313.0
442,Oman,OMN,2021-01-02,,1097.0,,252.0
443,Oman,OMN,2021-01-03,7231.0,911.0,0.14,216.0
444,Oman,OMN,2021-01-04,8826.0,993.0,0.17,232.0
445,Oman,OMN,2021-01-05,10728.0,1095.0,0.21,252.0
446,Oman,OMN,2021-01-06,12751.0,1149.0,0.25,263.0
447,Oman,OMN,2021-01-07,14005.0,1088.0,0.27,251.0
448,Oman,OMN,2021-01-08,14911.0,1007.0,0.29,235.0
449,Oman,OMN,2021-01-09,14980.0,966.0,0.29,227.0
450,Oman,OMN,2021-01-10,15023.0,921.0,0.29,218.0
451,Oman,OMN,2021-01-11,15907.0,820.0,0.31,198.0
452,Poland,POL,2020-12-28,2000.0,2033.0,0.01,
453,Poland,POL,2020-12-29,6300.0,4333.0,0.02,114.0
454,Poland,POL,2020-12-30,36300.0,17183.0,0.1,453.0
455,Poland,POL,2020-12-31,47600.0,15233.0,0.13,402.0
456,Poland,POL,2021-01-01,,11666.0,,307.0
457,Poland,POL,2021-01-02,,9525.0,,251.0
458,Poland,POL,2021-01-03,50391.0,8098.0,0.13,213.0
459,Poland,POL,2021-01-04,50833.0,7009.0,0.13,184.0
460,Poland,POL,2021-01-05,92220.0,12307.0,0.24,324.0
461,Poland,POL,2021-01-06,140226.0,14880.0,0.37,392.0
462,Poland,POL,2021-01-07,160359.0,16141.0,0.42,426.0
463,Poland,POL,2021-01-08,188956.0,20094.0,0.5,530.0
464,Poland,POL,2021-01-09,198787.0,21365.0,0.53,564.0
465,Poland,POL,2021-01-10,200022.0,21409.0,0.53,565.0
466,Poland,POL,2021-01-11,203053.0,21779.0,0.54,575.0
467,Portugal,PRT,2020-12-28,4828.0,3905.0,0.05,
468,Portugal,PRT,2020-12-29,16701.0,10950.0,0.16,1164.0
469,Portugal,PRT,2020-12-30,26850.0,10088.0,0.26,1080.0
470,Portugal,PRT,2020-12-31,,6847.0,,762.0
471,Portugal,PRT,2021-01-01,,5226.0,,603.0
472,Portugal,PRT,2021-01-02,,4254.0,,508.0
473,Portugal,PRT,2021-01-03,32000.0,3606.0,0.31,444.0
474,Portugal,PRT,2021-01-04,,3437.0,,428.0
475,Portugal,PRT,2021-01-05,,2218.0,,308.0
476,Portugal,PRT,2021-01-06,42035.0,1246.0,0.41,213.0
477,Portugal,PRT,2021-01-07,,3060.0,,391.0
478,Portugal,PRT,2021-01-08,70000.0,4873.0,0.69,568.0
479,Portugal,PRT,2021-01-09,,4885.0,,570.0
480,Portugal,PRT,2021-01-10,,4896.0,,571.0
481,Portugal,PRT,2021-01-11,74099.0,4613.0,0.73,543.0
482,Romania,ROU,2020-12-28,2066.0,4289.0,0.01,
483,Romania,ROU,2020-12-29,2778.0,2935.0,0.01,37.0
484,Romania,ROU,2020-12-30,5666.0,4023.0,0.03,94.0
485,Romania,ROU,2020-12-31,10289.0,4964.0,0.05,142.0
486,Romania,ROU,2021-01-01,11656.0,4621.0,0.06,125.0
487,Romania,ROU,2021-01-02,13242.0,4458.0,0.07,116.0
488,Romania,ROU,2021-01-03,13596.0,4145.0,0.07,100.0
489,Romania,ROU,2021-01-04,25508.0,5572.0,0.13,174.0
490,Romania,ROU,2021-01-05,41609.0,7770.0,0.22,288.0
491,Romania,ROU,2021-01-06,58554.0,9778.0,0.3,393.0
492,Romania,ROU,2021-01-07,76400.0,11667.0,0.4,491.0
493,Romania,ROU,2021-01-08,92706.0,13802.0,0.48,602.0
494,Romania,ROU,2021-01-09,102301.0,14946.0,0.53,661.0
495,Romania,ROU,2021-01-10,108294.0,15751.0,0.56,703.0
496,Romania,ROU,2021-01-11,125190.0,16463.0,0.65,740.0
497,Russia,RUS,2020-12-15,28500.0,38707.0,0.02,
498,Russia,RUS,2020-12-16,,13564.0,,23.0
499,Russia,RUS,2020-12-17,,13564.0,,23.0
500,Russia,RUS,2020-12-18,,13564.0,,23.0
501,Russia,RUS,2020-12-19,,13564.0,,23.0
502,Russia,RUS,2020-12-20,,13564.0,,23.0
503,Russia,RUS,2020-12-21,,13564.0,,23.0
504,Russia,RUS,2020-12-22,52000.0,13564.0,0.04,23.0
505,Russia,RUS,2020-12-23,,22799.0,,86.0
506,Russia,RUS,2020-12-24,,32034.0,,150.0
507,Russia,RUS,2020-12-25,,41268.0,,213.0
508,Russia,RUS,2020-12-26,,50503.0,,276.0
509,Russia,RUS,2020-12-27,,59738.0,,339.0
510,Russia,RUS,2020-12-28,,68972.0,,403.0
511,Russia,RUS,2020-12-29,,78207.0,,466.0
512,Russia,RUS,2020-12-30,,78207.0,,466.0
513,Russia,RUS,2020-12-31,,78207.0,,466.0
514,Russia,RUS,2021-01-01,,78207.0,,466.0
515,Russia,RUS,2021-01-02,800000.0,78207.0,0.55,466.0
516,Saudi Arabia,SAU,2021-01-06,100000.0,100000.0,0.29,
517,Scotland,,2020-12-13,18734.0,,0.34,
518,Scotland,,2020-12-14,,,,1048.0
519,Scotland,,2020-12-15,,,,1048.0
520,Scotland,,2020-12-16,,,,1048.0
521,Scotland,,2020-12-17,,,,1048.0
522,Scotland,,2020-12-18,,,,1048.0
523,Scotland,,2020-12-19,,,,1048.0
524,Scotland,,2020-12-20,58800.0,,1.08,1048.0
525,Scotland,,2020-12-21,,,,1023.0
526,Scotland,,2020-12-22,,,,999.0
527,Scotland,,2020-12-23,,,,974.0
528,Scotland,,2020-12-24,,,,950.0
529,Scotland,,2020-12-25,,,,925.0
530,Scotland,,2020-12-26,,,,901.0
531,Scotland,,2020-12-27,92324.0,,1.69,877.0
532,Scotland,,2020-12-28,,,,830.0
533,Scotland,,2020-12-29,,,,784.0
534,Scotland,,2020-12-30,,,,738.0
535,Scotland,,2020-12-31,,,,692.0
536,Scotland,,2021-01-01,,,,646.0
537,Scotland,,2021-01-02,,,,600.0
538,Scotland,,2021-01-03,113495.0,,2.08,554.0
539,Scotland,,2021-01-04,,,,638.0
540,Scotland,,2021-01-05,,,,722.0
541,Scotland,,2021-01-06,,,,805.0
542,Scotland,,2021-01-07,,,,889.0
543,Scotland,,2021-01-08,,,,973.0
544,Scotland,,2021-01-09,,,,1057.0
545,Scotland,,2021-01-10,,,,1141.0
546,Scotland,,2021-01-11,163377.0,,2.99,1141.0
547,Serbia,SRB,2021-01-10,9300.0,9300.0,0.14,
548,Slovakia,SVK,2021-01-04,7201.0,8514.0,0.13,
549,Slovakia,SVK,2021-01-05,,3088.0,,325.0
550,Slovakia,SVK,2021-01-06,10751.0,3088.0,0.2,325.0
551,Slovakia,SVK,2021-01-07,19727.0,5488.0,0.36,765.0
552,Slovakia,SVK,2021-01-08,26251.0,6075.0,0.48,872.0
553,Slovenia,SVN,2021-01-03,5934.0,5935.0,0.29,
554,Slovenia,SVN,2021-01-04,7204.0,1271.0,0.35,611.0
555,Slovenia,SVN,2021-01-05,8901.0,1485.0,0.43,714.0
556,Slovenia,SVN,2021-01-06,12265.0,2111.0,0.59,1015.0
557,Slovenia,SVN,2021-01-07,16339.0,2602.0,0.79,1251.0
558,Slovenia,SVN,2021-01-08,19523.0,2719.0,0.94,1307.0
559,Slovenia,SVN,2021-01-09,19930.0,2334.0,0.96,1122.0
560,Slovenia,SVN,2021-01-10,20546.0,2088.0,0.99,1004.0
561,Spain,ESP,2021-01-04,82834.0,81673.0,0.18,
562,Spain,ESP,2021-01-05,139339.0,55344.0,0.3,1209.0
563,Spain,ESP,2021-01-06,,44087.0,,968.0
564,Spain,ESP,2021-01-07,207323.0,40335.0,0.44,888.0
565,Spain,ESP,2021-01-08,277976.0,47625.0,0.59,1043.0
566,Spain,ESP,2021-01-09,,46408.0,,1017.0
567,Spain,ESP,2021-01-10,,45598.0,,1000.0
568,Spain,ESP,2021-01-11,406091.0,45019.0,0.87,988.0
569,Sweden,SWE,2021-01-04,40000.0,40000.0,0.4,
570,United Arab Emirates,ARE,2021-01-05,826301.0,838489.0,8.35,
571,United Arab Emirates,ARE,2021-01-06,,42886.0,,3104.0
572,United Arab Emirates,ARE,2021-01-07,887697.0,42886.0,8.98,3104.0
573,United Arab Emirates,ARE,2021-01-08,941556.0,50606.0,9.52,3884.0
574,United Arab Emirates,ARE,2021-01-09,,59128.0,,4746.0
575,United Arab Emirates,ARE,2021-01-10,1086568.0,64241.0,10.99,5263.0
576,United Arab Emirates,ARE,2021-01-11,1167251.0,69013.0,11.8,5745.0
577,United Kingdom,GBR,2020-12-20,650714.0,667024.0,0.96,
578,United Kingdom,GBR,2020-12-21,,60952.0,,658.0
579,United Kingdom,GBR,2020-12-22,,60952.0,,658.0
580,United Kingdom,GBR,2020-12-23,,60952.0,,658.0
581,United Kingdom,GBR,2020-12-24,,60952.0,,658.0
582,United Kingdom,GBR,2020-12-25,,60952.0,,658.0
583,United Kingdom,GBR,2020-12-26,,60952.0,,658.0
584,United Kingdom,GBR,2020-12-27,963208.0,60952.0,1.42,658.0
585,United Kingdom,GBR,2020-12-28,,61810.0,,670.0
586,United Kingdom,GBR,2020-12-29,,62668.0,,683.0
587,United Kingdom,GBR,2020-12-30,,63526.0,,696.0
588,United Kingdom,GBR,2020-12-31,,64384.0,,708.0
589,United Kingdom,GBR,2021-01-01,,65242.0,,721.0
590,United Kingdom,GBR,2021-01-02,,66100.0,,733.0
591,United Kingdom,GBR,2021-01-03,1317745.0,66958.0,1.94,746.0
592,United Kingdom,GBR,2021-01-04,,83963.0,,997.0
593,United Kingdom,GBR,2021-01-05,,100968.0,,1247.0
594,United Kingdom,GBR,2021-01-06,,117973.0,,1498.0
595,United Kingdom,GBR,2021-01-07,,134978.0,,1748.0
596,United Kingdom,GBR,2021-01-08,,151983.0,,1999.0
597,United Kingdom,GBR,2021-01-09,,168988.0,,2249.0
598,United Kingdom,GBR,2021-01-10,,185994.0,,2500.0
599,United Kingdom,GBR,2021-01-11,2675213.0,185994.0,3.94,2500.0
600,United States,USA,2020-12-20,556208.0,634938.0,0.17,
601,United States,USA,2020-12-21,614117.0,136639.0,0.19,175.0
602,United States,USA,2020-12-22,,206162.0,,385.0
603,United States,USA,2020-12-23,1008025.0,229336.0,0.3,455.0
604,United States,USA,2020-12-24,,269731.0,,577.0
605,United States,USA,2020-12-25,,293968.0,,650.0
606,United States,USA,2020-12-26,1944585.0,310126.0,0.59,699.0
607,United States,USA,2020-12-27,,290109.0,,639.0
608,United States,USA,2020-12-28,2127143.0,294877.0,0.64,653.0
609,United States,USA,2020-12-29,,314415.0,,712.0
610,United States,USA,2020-12-30,2794588.0,333953.0,0.84,771.0
611,United States,USA,2020-12-31,,357506.0,,842.0
612,United States,USA,2021-01-01,,381059.0,,913.0
613,United States,USA,2021-01-02,4225756.0,404612.0,1.28,985.0
614,United States,USA,2021-01-03,,415679.0,,1018.0
615,United States,USA,2021-01-04,4563260.0,426747.0,1.38,1051.0
616,United States,USA,2021-01-05,4836469.0,418102.0,1.46,1025.0
617,United States,USA,2021-01-06,5306797.0,437617.0,1.6,1084.0
618,United States,USA,2021-01-07,5919418.0,456983.0,1.79,1143.0
619,United States,USA,2021-01-08,6688231.0,498663.0,2.02,1269.0
620,United States,USA,2021-01-09,,539993.0,,1394.0
621,United States,USA,2021-01-10,,625366.0,,1651.0
622,United States,USA,2021-01-11,8987322.0,710739.0,2.72,1909.0
623,Wales,,2020-12-13,8177.0,,0.26,
624,Wales,,2020-12-14,,,,692.0
625,Wales,,2020-12-15,,,,692.0
626,Wales,,2020-12-16,,,,692.0
627,Wales,,2020-12-17,,,,692.0
628,Wales,,2020-12-18,,,,692.0
629,Wales,,2020-12-19,,,,692.0
630,Wales,,2020-12-20,23461.0,,0.74,692.0
631,Wales,,2020-12-21,,,,672.0
632,Wales,,2020-12-22,,,,651.0
633,Wales,,2020-12-23,,,,630.0
634,Wales,,2020-12-24,,,,610.0
635,Wales,,2020-12-25,,,,589.0
636,Wales,,2020-12-26,,,,568.0
637,Wales,,2020-12-27,35543.0,,1.13,547.0
638,Wales,,2020-12-28,,,,559.0
639,Wales,,2020-12-29,,,,571.0
640,Wales,,2020-12-30,,,,582.0
641,Wales,,2020-12-31,,,,594.0
642,Wales,,2021-01-01,,,,606.0
643,Wales,,2021-01-02,,,,618.0
644,Wales,,2021-01-03,49428.0,,1.57,629.0
645,Wales,,2021-01-04,,,,747.0
646,Wales,,2021-01-05,,,,865.0
647,Wales,,2021-01-06,,,,983.0
648,Wales,,2021-01-07,,,,1101.0
649,Wales,,2021-01-08,,,,1219.0
650,Wales,,2021-01-09,,,,1337.0
651,Wales,,2021-01-10,,,,1455.0
652,Wales,,2021-01-11,86118.0,,2.73,1455.0
653,World,OWID_WRL,2020-12-14,297.0,-7862988.0,0.0,
654,World,OWID_WRL,2020-12-15,1529663.0,-6333622.0,0.02,
655,World,OWID_WRL,2020-12-16,1532183.0,-6331102.0,0.02,
656,World,OWID_WRL,2020-12-17,1535701.0,-6327584.0,0.02,
657,World,OWID_WRL,2020-12-18,1539115.0,-6324170.0,0.02,
658,World,OWID_WRL,2020-12-19,1540452.0,-6322833.0,0.02,
659,World,OWID_WRL,2020-12-20,2755586.0,-5107699.0,0.04,
660,World,OWID_WRL,2020-12-21,2843173.0,-5020112.0,0.04,
661,World,OWID_WRL,2020-12-22,2915275.0,-4948010.0,0.04,
662,World,OWID_WRL,2020-12-23,3417748.0,-4445537.0,0.04,
663,World,OWID_WRL,2020-12-24,3513438.0,-4349847.0,0.05,
664,World,OWID_WRL,2020-12-25,3556040.0,-4307245.0,0.05,
665,World,OWID_WRL,2020-12-26,4531063.0,-3332222.0,0.06,
666,World,OWID_WRL,2020-12-27,4993687.0,-2869598.0,0.06,
667,World,OWID_WRL,2020-12-28,5352041.0,-2511244.0,0.07,
668,World,OWID_WRL,2020-12-29,5601094.0,-2262191.0,0.07,
669,World,OWID_WRL,2020-12-30,6575525.0,-1287760.0,0.08,
670,World,OWID_WRL,2020-12-31,9866418.0,2003133.0,0.13,
671,World,OWID_WRL,2021-01-01,9991726.0,2128441.0,0.13,
672,World,OWID_WRL,2021-01-02,12344034.0,4480749.0,0.16,
673,World,OWID_WRL,2021-01-03,12933650.0,5070365.0,0.17,
674,World,OWID_WRL,2021-01-04,13743420.0,5880135.0,0.18,
675,World,OWID_WRL,2021-01-05,15267196.0,7403911.0,0.2,
676,World,OWID_WRL,2021-01-06,16245840.0,8382555.0,0.21,
677,World,OWID_WRL,2021-01-07,17449235.0,9585950.0,0.22,
678,World,OWID_WRL,2021-01-08,18878914.0,11015629.0,0.24,
679,World,OWID_WRL,2021-01-09,23637842.0,15774557.0,0.3,
680,World,OWID_WRL,2021-01-10,23944912.0,16081627.0,0.31,
681,World,OWID_WRL,2021-01-11,28041668.0,20178383.0,0.36,
